#15#
John Doe,1234567890,john@example.com
alice,0987654321,alice@example.com
Bob Johnson,1112223333,bob@company.com
Carol White,4445556666,carol@company.com
David Brown,7778889999,david@example.com
Eve Davis,6665554444,eve@example.com
Frank Miller,3334445555,frank@example.com
Grace Wilson,2223334444,grace@example.com
Hannah Clark,5556667777,hannah@example.com
Ian Lewis,8889990000,ian@example.com
David Brown,7778889999,david@example.com
Ram,8123544239,Ram@gmail.com
RAm,8861245336,RAMboss@gmail.com
Ramesh,1234567980,Ramesh@gmail123.com
Alice Smith,1987654321,lefe@gmail.com